text,label
"Urgent! Work from home and earn $5000/week. No experience needed. Send payment of $50 to register now.",scam
"Congratulations! You have been selected for an internship. Please pay $200 registration fee immediately.",scam
"IMMEDIATE JOINING REQUIRED. Earn guaranteed income of $3000/month. Wire transfer payment required.",scam
"Limited offer! Get paid $500/day just by clicking links. Crypto payment only. Apply now!",scam
"We are hiring remote workers. Pay $100 upfront for training materials. Guaranteed job placement!",scam
"You have won a job at Google! Send your bank details to claim your salary advance immediately.",scam
"Internship opportunity: Earn $2000/week from home. Must pay $150 processing fee via Bitcoin.",scam
"URGENT: Job offer expiring in 24 hours! Send $300 security deposit to secure your position.",scam
"Work from home data entry job. Earn $50 per hour. No interview required. Pay training fee first.",scam
"FAKE RECRUITER: Hello dear, I found your profile. Please send personal documents and pay $75 fee.",scam
"Get rich quick with our exclusive home-based business. Invest just $500 and earn millions!",scam
"Crypto trading job: Work from home, earn $10,000/month. Send Bitcoin to start your training.",scam
"Fake Microsoft job offer: You are selected! Please provide SSN and pay $200 onboarding fee.",scam
"Earn easy money online! Just like and share posts for $300/day. Pay $50 starter kit fee.",scam
"Immediate opening! No skills required. Earn $1000/day. Limited seats. Pay now to reserve.",scam
"Phishing recruiter email: Dear candidate, your application is approved. Send bank account details.",scam
"WORK FROM HOME SCAM: Package delivery job. Earn $500/package. Pay $100 for registration today!",scam
"Fake internship at Amazon: Start immediately, earn $5000/month. Send Zelle payment for equipment.",scam
"Alert: Your job application is selected. Wire $250 for background verification to proceed.",scam
"Hot job alert! Earn $2000 weekly as online assistant. Pay $30 joining fee via PayPal now.",scam
"Congratulations you have been shortlisted! Please pay Rs 2000 for document processing fee urgently.",scam
"SCAM: Online survey job. Earn $200/survey. No experience needed. Pay $20 for survey access.",scam
"Fake HR: We need to verify your identity. Please send Aadhaar, PAN and pay Rs 500 security deposit.",scam
"Urgent vacancy: Night shift data entry. Earn $800/night. Send advance payment of $100 to confirm.",scam
"Job scam: International company hiring. Relocation bonus $10,000. Pay visa processing fee first.",scam
"Phishing: Click here to verify your LinkedIn job application. Enter your password to proceed.",scam
"Scam internship: Top MNC internship. Earn stipend Rs 30,000. Pay Rs 1500 enrollment fee urgently.",scam
"Guaranteed placement after payment of Rs 5000. No interview. Direct selection. Limited offer now!",scam
"Fake job portal: Your resume matched 50 jobs! Pay Rs 999 to unlock contact details now.",scam
"Investment job scam: Work from home. Invest $200 in crypto. Earn $2000 in 7 days guaranteed.",scam
"Urgent: Part time typing job. Rs 500 per page. Pay Rs 300 security deposit. No experience needed.",scam
"Freelance job scam: Earn $300/day rating products online. Pay $50 to access the platform now.",scam
"You are pre-selected for senior developer role at FAANG company. Pay $500 interview scheduling fee.",scam
"Fake Google recruiter: Congratulations on being selected! Please share OTP and pay joining amount.",scam
"Amazon work from home: Pack and ship items, earn $1200/week. Send $150 starter deposit today.",scam
"Phishing job email: Your salary is on hold. Click link to verify bank account to receive payment.",scam
"HR scam: You are hired! Send us copy of all bank cards for KYC. Pay Rs 2000 documentation fee.",scam
"SCAM ALERT: Earn Rs 50,000/month typing captcha at home. Pay Rs 1000 for software license key.",scam
"Fake internship WhatsApp: Congrats selected for Google internship! Pay Rs 500 to confirm seat.",scam
"Too good to be true: Sales executive, earn $5000/week, no target, no interview, pay deposit now.",scam
"Job offer scam: International BPO hiring. Salary $4000/month. Pay $200 airport clearance fee.",scam
"Crypto referral job: Share links and earn $200/day. Buy starter pack for $100 to begin.",scam
"Fake job ad: Work 2 hours daily, earn $3000/month. Must have internet. Pay $75 registration fee.",scam
"Phishing: Your application at Infosys approved! Login at infosys-jobs-apply.com to confirm now.",scam
"Scam message: Earn from Instagram by liking posts. Pay Rs 500 task activation fee to start today.",scam
"Urgent job: Night shift call center. No interview. Direct joining. Pay Rs 800 training materials.",scam
"We will process your H1B visa for $500. Guaranteed USA job. Wire transfer only. Act fast today.",scam
"Job scam: Earn $1500 weekly reshipping packages. No experience. Pay $200 for starter supplies.",scam
"Suspicious recruiter: You are selected! Please provide mother maiden name, DOB, and pay $100 fee.",scam
"FAKE COMPANY: Royal Overseas Jobs hiring! Pay Rs 10,000 for work permit. Guaranteed placement.",scam
"URGENT: Your bank account will be blocked. Click here to verify your details immediately.",scam
"Dear customer, your KYC is expired. Update now by sending Aadhaar and PAN to this number.",scam
"You have won Rs 50,000 in our lucky draw! Pay Rs 200 processing fee to claim your prize now.",scam
"SBI alert: Suspicious activity detected. Share OTP to secure your account immediately.",scam
"Your electricity connection will be cut tonight. Pay Rs 1500 now to avoid disconnection.",scam
"Fake HDFC: Your card is blocked. Call us and share card number and CVV to unblock it.",scam
"Congratulations! You won an iPhone 15. Pay only Rs 299 shipping fee to receive your prize.",scam
"IRCTC refund pending: Click link and enter bank details to receive your Rs 3400 refund now.",scam
"Income tax refund of Rs 8500 approved. Submit bank account details to process immediately.",scam
"Amazon: Your order is on hold. Pay Rs 150 customs fee to release your package today.",scam
"Paytm KYC update required. Share your Aadhaar OTP with our executive to avoid account suspension.",scam
"Your loan is approved for Rs 5,00,000. Pay Rs 2000 processing fee to receive disbursement today.",scam
"Free recharge offer! Share this link with 10 friends and get Rs 500 Jio recharge instantly.",scam
"WhatsApp job: Like YouTube videos and earn Rs 500 per task. Pay Rs 200 activation fee to start.",scam
"Telegram scam: Join our crypto group. Invest Rs 1000 and earn Rs 10,000 in 3 days guaranteed.",scam
"Fake police call: You have an arrest warrant. Pay Rs 50,000 via UPI to settle the case now.",scam
"Your Aadhaar is linked to illegal activity. Share details with CBI officer to clear your name.",scam
"Lottery winner: You have been selected in KBC! Send Rs 1000 to claim your Rs 25 lakh prize.",scam
"Fake delivery: Your parcel is held at customs. Pay Rs 499 clearance fee via this link now.",scam
"Online part time job: Watch ads and earn Rs 800/hour. Pay Rs 300 joining fee to activate account.",scam
"Urgently hiring home-based workers. No experience. Earn Rs 1200/day. Pay Rs 500 to get started.",scam
"Your credit card reward points expire today! Click link and enter card details to redeem now.",scam
"Fake scholarship: You are selected for Rs 1,00,000 scholarship. Pay Rs 500 registration fee.",scam
"Work from home packing job: Earn Rs 600 per packet. Pay Rs 400 for materials. No experience needed.",scam
"Google pay scam: You received Rs 10,000. Accept by clicking link and entering your UPI PIN now.",scam
"Fake court notice: Case filed against your Aadhaar. Pay Rs 5000 fine to avoid arrest today.",scam
"MLM scam: Join our network. Invest Rs 2000 and earn Rs 20,000 monthly by referring friends.",scam
"Fake insurance: Your policy expired. Pay Rs 999 now to renew and avoid legal consequences.",scam
"Earn from home by filling forms online. Rs 800 per form. Pay Rs 250 registration. Start today!",scam
"Scam call: Your SIM will be deactivated in 2 hours. Press 1 and share OTP to keep it active.",scam
"Fake job SMS: You are shortlisted for MNC. Salary 40k. Pay Rs 1500 security deposit to join.",scam
"Your PAN card is suspended due to suspicious transactions. Click link to reactivate immediately.",scam
"Fake RBI: New rule requires UPI PIN update. Share PIN with our officer to stay compliant.",scam
"Job offer: Work as secret shopper. Receive cheque, deposit it, send us 80% back via wire transfer.",scam
"Earn Rs 5000 daily from your phone. No investment. No experience. Just pay Rs 100 activation fee.",scam
"Fake Flipkart: Your account has been hacked. Verify identity by sharing password and OTP now.",scam
"SMS scam: You have a pending cashback of Rs 2300. Enter bank details at this link to claim.",scam
"Fake recruiter LinkedIn: Hi, I am from TCS HR. Selected for direct role. Pay Rs 2000 for ID card.",scam
"Urgent WhatsApp: Your number selected for free laptop scheme. Pay Rs 350 delivery charges only.",scam
"Crypto investment: Double your money in 24 hours. Send Bitcoin to this wallet address now.",scam
"Phishing email: Your Gmail account will be deleted. Verify by clicking link and entering password.",scam
"Fake Zomato offer: You won free food for a year! Pay Rs 99 delivery fee to activate reward.",scam
"Job scam: Overseas company hiring. Salary USD 3000. Pay Rs 8000 for work visa processing fee.",scam
"Scam alert: Your Jio number will be blocked. Recharge with Rs 999 plan via this link only.",scam
"Fake bank executive: We detected fraud on your account. Share card PIN to block the transaction.",scam
"Online investment scam: Put Rs 5000 in our trading app. Earn Rs 50,000 in one week. Guaranteed.",scam
"You are selected for government job. No exam. Direct joining. Pay Rs 3000 for appointment letter.",scam
"Fake NGO job: Work from home for social cause. Earn Rs 1500/day. Pay Rs 600 for kit and ID.",scam
"URGENT: Your Aadhaar will be cancelled. Call us and pay Rs 500 fine to avoid deactivation.",scam
"Earn money watching videos! Rs 200 per video. Pay Rs 150 activation fee. Withdraw anytime.",scam
"Phishing SMS: ICICI bank: Your account is under review. Click link and verify PAN to continue.",scam
"URGENT: Your Netflix account has been compromised. Reset password immediately at netflix-secure.com.",scam
"Your Amazon account is suspended. Verify identity at amazon-verify-account.net to restore access.",scam
"ALERT: Unauthorized login to your Gmail. Click here to secure your account at gmail-support-help.com.",scam
"Your WhatsApp will expire in 24 hours. Pay Rs 99 subscription fee to continue using WhatsApp.",scam
"Congratulations! You are the 1 millionth visitor. Click here to claim your free iPhone 15 now.",scam
"Your phone has a virus! Download our security app immediately to remove malware before damage.",scam
"Fake TRAI: Your mobile number will be disconnected in 2 hours for illegal use. Call us immediately.",scam
"Income tax department: You owe Rs 45,000 in unpaid taxes. Pay immediately or face arrest.",scam
"Customs department: Your international parcel is held. Pay Rs 2500 customs duty to release it.",scam
"ED notice: Your bank account is under investigation. Share account details to prove innocence.",scam
"Your Aadhaar has been used for SIM fraud. Call cybercrime helpline impersonator to resolve case.",scam
"Fake court: A case is registered against you. Pay Rs 15,000 online to avoid appearing in court.",scam
"Your PAN card is suspended. Pay Rs 500 penalty at pan-renewal-india.com to reactivate it.",scam
"Fake EPFO: Your PF account is blocked. Share Aadhaar and bank details to unblock immediately.",scam
"Investment fraud: Our AI trading bot gave 300% returns last month. Invest Rs 10,000 to start.",scam
"Fake scholarship SMS: You are selected for PM scholarship. Pay Rs 500 registration to claim Rs 50,000.",scam
"Your driving licence is cancelled due to challan. Pay Rs 1200 fine at this link to restore it.",scam
"Telecom scam: Your outgoing calls will stop in 1 hour. Press 1 to speak with our executive now.",scam
"Fake RTO: Your vehicle registration is expired. Pay Rs 800 fine online to avoid legal action.",scam
"Your gas subsidy of Rs 3200 is pending. Submit bank details at this link to receive the amount.",scam
"Fake job: Work as Amazon delivery agent from home. Earn Rs 2000/day. Pay Rs 500 to get ID kit.",scam
"Survey scam: Complete this 2-minute survey and win Rs 5000 Amazon voucher. Click link now.",scam
"Fake bank call: We detected Rs 25,000 fraudulent transaction. Share OTP to reverse it now.",scam
"Your Swiggy account is hacked. Verify by sharing login OTP with our support executive.",scam
"Fake COVID relief: Government is giving Rs 4000 relief. Register at this link with Aadhaar now.",scam
"Lottery scam: Your number won Rs 10 lakh in state lottery. Pay Rs 1000 tax to claim prize.",scam
"Fake electricity board: Your meter shows tampering. Pay Rs 3000 fine or connection will be cut.",scam
"Ponzi scheme: Invest Rs 5000 in our chit fund. Guaranteed Rs 50,000 return in 6 months.",scam
"Fake property deal: Buy plot in Hyderabad for Rs 50,000. Pay advance now. Site visit later.",scam
"Romance scam: I am a doctor working abroad. I need help transferring $50,000. I will reward you.",scam
"Fake SEBI: Your demat account is flagged. Pay Rs 2000 compliance fee to avoid account freeze.",scam
"Your credit score can be improved to 900. Pay Rs 1500 for our credit repair service instantly.",scam
"Fake hospital: Your relative met with accident. Deposit Rs 50,000 for emergency treatment now.",scam
"Part time job: Like Facebook posts from home. Earn Rs 1500/day. Pay Rs 200 to start working.",scam
"Fake PM scheme: Free sewing machine for women. Pay Rs 300 registration fee to receive yours.",scam
"Your Zerodha account has been suspended. Pay Rs 500 compliance fee to restore trading access.",scam
"Fake app: Download this UPI app and earn Rs 200 cashback on first transaction. Link below.",scam
"Astrology scam: Your stars show financial trouble. Pay Rs 2100 for puja to remove bad luck.",scam
"Fake Google ad: Work from home and earn Rs 50,000/month. Only 10 seats left. Register now.",scam
"Your CIBIL score dropped due to error. Pay Rs 999 to get it corrected through our service.",scam
"Fake police: Drugs found in courier with your name. Pay Rs 25,000 to close case without FIR.",scam
"Your Paytm wallet is suspended for suspicious activity. Share KYC documents to reactivate now.",scam
"Fake PM Awas: You are eligible for free house under scheme. Pay Rs 1000 registration fee now.",scam
"Investment app scam: Our app shows live profits. Deposit Rs 2000 and withdraw Rs 20,000 in a week.",scam
"Earn money by sharing links on WhatsApp. Rs 50 per click. Pay Rs 100 joining to start today.",scam
"Fake telecom offer: Get unlimited data for 1 year. Pay Rs 499 one-time charge via UPI now.",scam
"Your NEET/JEE rank is high enough for top college. Pay Rs 5000 for guaranteed seat reservation.",scam
"Fake college admission: Management quota seat available. Pay Rs 50,000 advance to confirm admission.",scam
"Your EPF grievance has been resolved. Share bank details to receive Rs 12,000 compensation now.",scam
"Fake matrimony: I like your profile. Send Rs 500 to unlock my full contact details and photos.",scam
"Work from home for US company. Earn $500/week. Pay $100 for background check to get started.",scam
"Fake municipality: Your property tax has penalty. Pay Rs 2000 fine at this link before deadline.",scam
"Online casino: Deposit Rs 1000 and get Rs 3000 bonus. Withdraw anytime. 100% genuine site.",scam
"Fake Ola: Your ride was overcharged. Share UPI details to receive Rs 500 refund immediately.",scam
"Your resume has been shortlisted by 10 top MNCs. Pay Rs 299 to reveal their contact details.",scam
"Fake WHO: Free vaccination certificate available. Pay Rs 200 processing fee at this link.",scam
"Earn Rs 800 per hour watching cricket match and filling scorecard online. Pay Rs 250 to join.",scam
"URGENT: Your phone SIM swap requested. If not you, call us and share Aadhaar to cancel it.",scam
"Fake tech support: Your Windows license has expired. Call us and pay Rs 3000 to renew remotely.",scam
"Your BHIM app has a security issue. Download the updated version from this link immediately.",scam
"Fake PM helpline: Call us with Aadhaar number to get Rs 6000 PM Kisan benefit transferred.",scam
"Job offer from Dubai: Salary AED 5000. Pay Rs 15,000 for visa and ticket. Guaranteed joining.",scam
"Your electricity bill has an error. Pay corrected amount of Rs 4500 at this unofficial link now.",scam
"Fake education loan: Rs 5 lakh loan approved with zero interest. Pay Rs 2000 processing fee.",scam
"Chain message: Forward to 20 people and receive Rs 1000 in your Paytm wallet within 24 hours.",scam
"Your mutual fund account is under SEBI scrutiny. Pay Rs 5000 compliance fee to avoid freeze.",scam
"Fake courier: Your package has gold coins. Pay Rs 3000 customs to receive it at your address.",scam
"Your Ola Money wallet will expire. Transfer balance to bank by clicking link and entering PIN.",scam
"Work as a home tester for Amazon. Earn Rs 500 per product kept. Pay Rs 300 to join the program.",scam
"Dear sir you have been selected for a mystery shopper job. No experience required. Pay Rs 199 kit fee.",scam
"Earn dollars sitting at home. US company hiring. No interview. Pay $50 joining and start earning.",scam
"Fake RBI circular: All UPI users must re-register. Share UPI ID and PIN to complete the process.",scam
"Your Facebook account will be deactivated. Verify by entering password at this secure link now.",scam
"We found unauthorized activity. Your savings account debited Rs 9999. Click to reverse now.",scam
"Fake Meesho job: Resell products and earn Rs 20,000/month. Pay Rs 500 for product catalog access.",scam
"Free iPhone giveaway by Apple India. You are selected. Pay Rs 149 for delivery to your address.",scam
"Your car insurance claim of Rs 35,000 is approved. Share bank details to receive payment today.",scam
"Fake UIDAI: Aadhaar biometric update mandatory. Call us and share details to avoid deactivation.",scam
"Earn by watching OTT shows! Rs 100 per episode watched. Pay Rs 200 activation fee to begin.",scam
"Job scam telegram: Apply for data entry. Salary Rs 35,000. Pay Rs 1200 for laptop and access.",scam
"Urgent: Your PhonePe account will be closed. Update KYC by sharing Aadhaar and selfie on this link.",scam
"Fake speed post: Your registered letter returned. Pay Rs 200 re-delivery charges via Paytm.",scam
"IRCTC special offer: Get 50% discount on train tickets. Pay Rs 199 membership fee to activate.",scam
"Online earn scam: Rs 500 bonus added to your account. Withdraw by paying Rs 100 tax fee now.",scam
"Fraud call: You won a car in lucky draw. Pay Rs 5000 RTO registration fee to collect your prize.",scam
"We are pleased to invite you to interview for the Software Engineer position at our company next Monday at 10 AM. Please confirm your availability.",legitimate
"Dear applicant, your application for the Data Analyst internship at our firm has been reviewed. We would like to schedule a technical round.",legitimate
"Congratulations on being selected for the summer internship program. The internship is unpaid but includes a certificate and letter of recommendation.",legitimate
"We reviewed your resume on LinkedIn and would like to discuss a full-time opportunity at our company. No upfront fees required.",legitimate
"Thank you for applying to our graduate program. We are conducting a background check through our verified HR partner. No cost to you.",legitimate
"We are hiring a Python developer with 2+ years of experience. Salary range: $70,000-$90,000. Please submit your portfolio on our careers page.",legitimate
"Your application is under review at Microsoft. We will contact you within 5-7 business days if your profile matches our requirements.",legitimate
"We found your resume on Naukri.com and want to invite you for a telephonic interview for Software Engineer role. No registration fee.",legitimate
"Internship at our startup: 3 months, work from office, stipend Rs 10,000/month. Apply at our official website.",legitimate
"HR from Deloitte: We are hiring consultants. Initial screening call scheduled. All interviews are free of charge.",legitimate
"Thank you for applying. We invite you to complete our online assessment at careers.company.com. Assessment is free.",legitimate
"We are a registered recruitment agency. We help candidates find jobs at no cost to the applicant. Employer pays our fee.",legitimate
"Join our team as a marketing intern. Duration 6 months. Stipend provided. Located in Bangalore. Apply via official portal.",legitimate
"Amazon campus recruitment drive at your college. Register at official Amazon Jobs website. No fee required.",legitimate
"Wipro is conducting off-campus hiring. Eligible candidates may apply at careers.wipro.com. No payment required.",legitimate
"We are pleased to offer you the position of Junior Developer. Please review the attached offer letter and respond at your earliest.",legitimate
"TCS NQT registration is open. All students can register for free at the official TCS iON portal. No registration fee.",legitimate
"Infosys hiring freshers for systems engineer role. Apply directly at infosys.com/careers. Interview is free.",legitimate
"Google STEP Internship applications are open for students. Apply at careers.google.com. No fee required.",legitimate
"We are scheduling your final round interview. Please bring your resume and ID. Interview is conducted at our office.",legitimate
"Your profile matches our job requirement for a Business Analyst. We would like to proceed with an initial HR call.",legitimate
"Accenture is hiring for multiple roles in India. Eligible graduates may apply at accenture.com/careers for free.",legitimate
"We regret to inform you that your application was not selected at this time. We encourage you to apply for future openings.",legitimate
"Cognizant recruitment: Aptitude test scheduled. Please log in to the candidate portal. No charges involved.",legitimate
"IBM is offering internships to final year students. Stipend included. Applications accepted at ibm.com/careers.",legitimate
"We are a staffing company placing candidates with our clients. Our service is free for job seekers. Employer funded.",legitimate
"HDFC Bank campus drive at IIT. Students can register online at hdfc career portal. Selection process includes aptitude and HR round.",legitimate
"Position: Data Science Intern. Duration: 6 months. Compensation: Rs 15,000/month. Location: Remote. Apply by sending your resume.",legitimate
"Dear candidate, we have reviewed your assessment scores. You have cleared round 1. Round 2 will be a technical interview.",legitimate
"We invite you to our open day event to learn about career opportunities at our firm. Registration is free. Location: Mumbai office.",legitimate
"HCL Technologies hiring for multiple IT positions. Freshers welcome. Apply at careers.hcltech.com at no cost.",legitimate
"We are a verified placement consultant. We match job seekers with employers. No upfront payment from candidates.",legitimate
"Flipkart summer internship program: 2 months, stipend Rs 20,000/month. Apply at careers.flipkart.com.",legitimate
"We have shortlisted you for the product manager role. Next step is a case study round. Case study will be sent over email.",legitimate
"Tata Motors hiring graduate engineers. Campus placement drive. No fee. Apply at official tata motors career page.",legitimate
"Reliance Industries internship program open for engineering students. Stipend Rs 12,000/month. Apply online.",legitimate
"Dear applicant, your background verification is complete. Please sign and return the attached offer letter to HR.",legitimate
"We are conducting a virtual hiring event. Register for free at our careers portal to attend and meet our recruiters.",legitimate
"Thank you for attending the interview. We are delighted to offer you the position. Please find the formal offer letter attached.",legitimate
"Our company does not charge any fee from job seekers. If anyone asks for payment on our behalf please report it.",legitimate
"Byju's hiring content creators and educators. Competitive salary. Apply via official website. Interview is free of cost.",legitimate
"Startup hiring: Looking for a creative designer with UI/UX skills. Equity + salary offered. No fee to apply.",legitimate
"We received your application for the accountant role. Shortlisted candidates will be contacted for a virtual interview.",legitimate
"Campus placement 2024: Multiple companies visiting. Students register at placement cell portal. No charges.",legitimate
"We are a NASSCOM member company. Ethical hiring practices followed. No payment required from any candidate.",legitimate
"Zomato hiring delivery executives and customer support staff. Apply at jobs.zomato.com. No joining fee.",legitimate
"We would like to offer you a paid internship as a software tester. Monthly stipend: Rs 8,000. Duration: 3 months.",legitimate
"Your interview has been rescheduled to next Friday at 3 PM IST. Please confirm your attendance via email.",legitimate
"Tech Mahindra hiring experienced professionals. All roles listed on official website. Apply directly. No middleman fee.",legitimate
"Your SBI account statement for the month of October is now available. Login to net banking to download.",legitimate
"Your HDFC credit card payment of Rs 4500 is due on 15th November. Pay via net banking or mobile app.",legitimate
"OTP for your net banking login is 847291. Valid for 10 minutes. Do not share this OTP with anyone.",legitimate
"Your UPI transaction of Rs 1200 to Swiggy was successful. Transaction ID: UPI2024101500123.",legitimate
"Reminder: Your LIC premium of Rs 6000 is due next week. Pay online at licindia.in to avoid lapse.",legitimate
"Your Airtel broadband bill of Rs 799 is generated. Due date: 20th November. Pay at airtel.in.",legitimate
"Amazon order confirmed: boAt headphones will be delivered by Thursday. Track your order in the app.",legitimate
"Your Swiggy order from Dominos is on the way. Estimated delivery: 30 minutes. Track in app.",legitimate
"Flipkart: Your return request for blue shirt has been approved. Refund of Rs 899 will be credited in 5 days.",legitimate
"IRCTC booking confirmed. Train: 12345 Chennai Express. Date: 15 Nov. PNR: 1234567890.",legitimate
"Your Ola ride has been booked. Driver Ramesh Kumar is 3 minutes away. OTP: 4521.",legitimate
"Paytm: Your electricity bill payment of Rs 1450 was successful. Reference number: PAY20241015.",legitimate
"PhonePe transaction successful. Rs 500 sent to Raj Medical Store. Balance: Rs 2340.",legitimate
"Your Google Pay UPI ID is now active. You can send and receive money securely using this ID.",legitimate
"Naukri.com: 5 new jobs matching your profile have been posted today. Login to apply.",legitimate
"LinkedIn: You have 3 new connection requests and 2 messages from recruiters. Check your inbox.",legitimate
"Your Zerodha account statement for September is ready. Login to view your portfolio performance.",legitimate
"GPay cashback of Rs 50 credited to your account for paying electricity bill. Valid for 30 days.",legitimate
"Your PF withdrawal request of Rs 45,000 has been processed. Amount will be credited in 3 days.",legitimate
"ICICI Bank: Your fixed deposit of Rs 1,00,000 has matured. Please visit branch or call us to renew.",legitimate
"Reminder from your doctor: Your appointment is scheduled for tomorrow at 11 AM at City Hospital.",legitimate
"Your driving licence renewal application has been submitted. Expected processing time: 7 working days.",legitimate
"Passport seva: Your passport application status is updated. Application is under police verification.",legitimate
"Your income tax return for FY 2023-24 has been filed successfully. Acknowledgement number: 12345.",legitimate
"EPFO: Your PF balance as of October 2024 is Rs 1,23,456. Login to member portal to check details.",legitimate
"Congratulations! Your home loan application has been approved. Our executive will contact you shortly.",legitimate
"Your mutual fund SIP of Rs 5000 has been successfully processed for this month.",legitimate
"DigiLocker: Your Aadhaar card is now available in your DigiLocker account for download.",legitimate
"Your Jio recharge of Rs 239 is successful. Validity: 28 days. Data: 1.5GB per day.",legitimate
"BSNL: Your broadband plan has been upgraded successfully. New speed: 100 Mbps. Effective immediately.",legitimate
"Reminder: EMI of Rs 8500 for your two-wheeler loan will be auto-debited on 5th November.",legitimate
"Your health insurance claim of Rs 25,000 has been approved and will be processed within 7 days.",legitimate
"Meesho order shipped: Cotton kurta. Expected delivery: 18th November. Track at meesho.com.",legitimate
"Your CIBIL score has been updated to 780. Login to your account to view the full credit report.",legitimate
"Reminder: Your vehicle insurance expires on 30th November. Renew at our website to stay covered.",legitimate
"Your college fee payment of Rs 45,000 has been received. Receipt number: FEE2024001234.",legitimate
"Dear student, your hall ticket for the upcoming semester exam is available on the student portal.",legitimate
"Your electricity meter reading for October: 345 units. Bill amount: Rs 2100. Due: 25th November.",legitimate
"Swiggy Instamart: Your grocery order has been delivered. Rate your experience in the app.",legitimate
"Your scholarship application has been received. Result will be announced on 1st December on portal.",legitimate
"Team outing scheduled for Saturday at 11 AM. Venue: Lumbini Gardens. Please confirm attendance.",legitimate
"Hi, can we reschedule our meeting to 3 PM today? I have a conflict with another call at 2 PM.",legitimate
"Please find attached the minutes of the meeting held on Monday. Let me know if any corrections needed.",legitimate
"The project deadline has been extended to 30th November. Please update your task tracker accordingly.",legitimate
"Reminder: Submit your timesheet by end of day Friday. HR needs it for payroll processing.",legitimate
"Your leave request for 20th and 21st November has been approved by your manager.",legitimate
"The office will remain closed on 1st November due to the state public holiday. Enjoy the long weekend.",legitimate
"Please complete your annual performance review on the HR portal by 15th November.",legitimate
"Your work from home request for next week has been approved. Please ensure you are reachable on Teams.",legitimate
"The new company policy document has been shared on the intranet. Please read and acknowledge by Friday.",legitimate
"Payslip for October 2024 is now available on the employee self-service portal.",legitimate
"Your reimbursement claim of Rs 3200 for travel expenses has been approved and will be paid with salary.",legitimate
"IT helpdesk ticket resolved. Your laptop has been repaired and is ready for pickup from IT desk.",legitimate
"The quarterly all-hands meeting is scheduled for 10th November at 3 PM. Zoom link will be shared.",legitimate
"Your software license for Adobe Creative Suite has been renewed for another year.",legitimate
"Dear sir, your order at our restaurant is confirmed for Saturday 8 PM. Table for 4 is reserved.",legitimate
"Your appointment at the visa application centre is confirmed for 22nd November at 10:30 AM.",legitimate
"Thank you for your donation to the NGO. Tax exemption certificate will be sent to your email.",legitimate
"Your child school fee payment for November has been received. Receipt attached for your records.",legitimate
"The water bill for your flat for October is Rs 350. Please pay at the society office by 25th November.",legitimate
"Your gym membership has been renewed for 6 months. New validity: till 30th April 2025.",legitimate
"Reminder: Parent-teacher meeting at school is on 16th November at 10 AM. Please attend.",legitimate
"Your test results from City Diagnostics are ready. Please collect from the lab or view online.",legitimate
"Your electricity connection has been restored after maintenance. Sorry for the inconvenience caused.",legitimate
"The building maintenance work will be carried out on Sunday between 9 AM and 1 PM.",legitimate
"Your booked slot at the RTO for driving test is confirmed: 25th November at 9 AM.",legitimate
"Thank you for registering for the webinar on AI trends. Join link will be sent one hour before.",legitimate
"Your subscription to Netflix has been renewed. Next billing date: 15th December 2024.",legitimate
"Reminder: Return the library books by 20th November to avoid late fees.",legitimate
"Your courier has been picked up and is on its way. Tracking ID: DHL1234567890.",legitimate
"The society AGM is scheduled for Sunday at 6 PM in the community hall. Attendance is requested.",legitimate
"Your car service appointment at Maruti Service Centre is confirmed for 18th November at 9 AM.",legitimate
"Your blood donation appointment at the blood bank is confirmed for 20th November at 10 AM.",legitimate
"The library is organizing a book fair from 15th to 20th November. Entry is free for all members.",legitimate
"Your property tax payment of Rs 12,500 has been received. Receipt number: MC2024567.",legitimate
"Reminder: Renew your passport before 30th December to avoid travel disruptions.",legitimate
"Your order from Myntra has been delivered. Hope you enjoy your purchase. Rate the product.",legitimate
"Your application for a new gas connection has been registered. Engineer will visit within 7 days.",legitimate
"Congratulations on completing 5 years with the company. Your loyalty award will be given at the annual function.",legitimate
"Your annual medical check-up is due. Book your appointment at the empanelled hospital.",legitimate
"Your fixed deposit receipt has been emailed to you. For queries contact your nearest branch.",legitimate
"Reminder: File your GST returns for October by 20th November to avoid penalty.",legitimate
"Your child has been selected for the school science olympiad. Preparation material will be shared.",legitimate
"Your broadband connection will be upgraded to fiber next week. Technician will visit between 10-12 AM.",legitimate
"Your cab booking for airport pickup on 22nd November is confirmed. Driver details will be shared.",legitimate
"The apartment association is collecting maintenance dues for Q4. Please pay Rs 3000 by 30th November.",legitimate
"Your PUC certificate for the vehicle has been renewed. Valid till: 30th November 2025.",legitimate
"Job opening: Content writer needed for our digital agency. 1-2 years experience. Apply at our site.",legitimate
"We are looking for a data entry operator. Part time, work from office, Rs 12,000/month. No fee.",legitimate
"Freshers wanted for customer support role. Training provided. Apply at careers.ourcompany.com.",legitimate
"Walk-in interview for accounts assistant. Saturday 10 AM to 1 PM. Bring resume and original ID.",legitimate
"We are hiring a delivery boy for our online store. Two-wheeler required. Rs 15,000/month salary.",legitimate
"Junior software developer wanted. React and Node.js skills required. Salary negotiable. No fee.",legitimate
"Receptionist required for a clinic in Chennai. Timings 9 AM to 6 PM. Salary Rs 14,000/month.",legitimate
"We are looking for a social media manager. Work from home allowed. Apply with portfolio.",legitimate
"Sales executive required for FMCG company. Field work. Experience preferred. Salary plus incentives.",legitimate
"Graphic designer needed for printing press. CorelDraw skills required. Full time. Apply in person.",legitimate
"Teacher required for coaching centre. Subjects: Maths and Science. Classes 8 to 10. Part time.",legitimate
"Cook required for a family of 4 in Adyar Chennai. Timing 7 AM to 10 AM. Salary Rs 8000/month.",legitimate
"Security guard required for apartment complex. 12 hour shifts. ESI and PF provided. Apply now.",legitimate
"We are hiring a warehouse supervisor. Experience in logistics preferred. Salary Rs 25,000/month.",legitimate
"Electrician wanted for construction project. ITI qualified preferred. Daily wages Rs 700. Apply.",legitimate
"Driver required for software company cab service. License mandatory. Salary Rs 18,000/month.",legitimate
"HR executive wanted for IT company. MBA HR preferred. 1-2 years experience. Apply with resume.",legitimate
"We need a nurse for home care of elderly patient. Female preferred. Rs 20,000/month. Accommodation.",legitimate
"Your interview feedback has been shared with the hiring team. Decision expected within 3 business days.",legitimate
"We are pleased to inform you that your probation period has been successfully completed.",legitimate
"The company annual picnic is on 24th November. Register at the HR portal by 18th November.",legitimate
"Your nomination for the employee of the month award has been received. Results on 1st December.",legitimate
"Your transfer request to the Bangalore branch has been approved. Joining date: 1st December.",legitimate
"The HR policy on work from home has been updated. Please read the new guidelines on the intranet.",legitimate
"Your referral bonus of Rs 10,000 for successfully referring a candidate will be paid with November salary.",legitimate
"Training session on data privacy and security is mandatory for all employees. Schedule on intranet.",legitimate
"Your id card renewal request has been processed. Collect the new ID from the security office.",legitimate
"Reminder: Complete the mandatory cybersecurity training on the LMS portal by end of this month.",legitimate
"The client presentation is rescheduled to Wednesday at 3 PM. Please update your calendars.",legitimate
"Your software access for the new project has been granted. Login credentials sent to your email.",legitimate
"Your appraisal discussion is scheduled for 25th November at 2 PM with your reporting manager.",legitimate
"The new expense claim portal is now live. Submit all claims through the portal from November onwards.",legitimate
"Congratulations on your promotion to Senior Engineer effective 1st December. Revised offer letter attached.",legitimate
"Your travel reimbursement for the client visit to Delhi has been processed. Amount: Rs 8500.",legitimate
"Hi! Just wanted to check if you are free this weekend for a get-together at my place.",legitimate
"Can you please send me the notes from yesterday's lecture? I missed the class due to fever.",legitimate
"Reminder to buy vegetables on the way home. We need tomatoes, onions and coriander.",legitimate
"Happy birthday! Hope you have a wonderful day filled with joy and celebration.",legitimate
"The match starts at 7 PM today. Are you watching? We can video call and watch together.",legitimate
"Please take your medicines on time. Doctor said it is very important for recovery.",legitimate
"Can you recommend a good book to read this month? I just finished the one you suggested.",legitimate
"Good morning! Have a great day at work. Drive safe and call me when you reach.",legitimate
"The kids enjoyed the picnic yesterday. Thank you for organizing such a fun outing for them.",legitimate
"Please water the plants while I am away. They need watering every alternate day.",legitimate
"I have attached the recipe for the dish you liked at dinner. Try it and let me know.",legitimate
"Let us plan a road trip next month. I was thinking Ooty or Kodaikanal. What do you think?",legitimate
"The plumber will come tomorrow morning to fix the bathroom tap. Please be home between 9 to 11.",legitimate
"Your parcel from your sister has arrived. It is at the reception. Please collect at your convenience.",legitimate
"We are planning to visit you next Sunday. Is it a good time? Let us know so we can confirm.",legitimate
"The power cut in our area will be from 10 AM to 2 PM tomorrow for maintenance work.",legitimate
"Please submit the rent agreement copy to the office by this Friday for records.",legitimate
"The new supermarket near our colony has good fresh vegetables at reasonable prices.",legitimate
"Congratulations on passing your driving test! Now you are officially a licensed driver.",legitimate
"Please confirm if you will be attending the wedding on Saturday. We need to give final count to caterer.",legitimate
"Your Aadhaar card update has been successfully completed. Download updated card from UIDAI portal.",legitimate
"The school bus timings have changed from next Monday. New pickup time is 7:15 AM.",legitimate
"Your SIP instalment of Rs 3000 has been debited and units allotted. Check statement on portal.",legitimate
"The electricity board has restored power to your area after transformer repair work.",legitimate
"Your visa interview at the consulate is confirmed for 28th November at 9:30 AM.",legitimate
"Reminder: Your term insurance premium of Rs 12,000 is due next month. Pay to keep coverage active.",legitimate
"Your domicile certificate application has been approved. Collect from district office by 30th November.",legitimate
"The RWA is organising a cleanliness drive this Sunday morning. Volunteers please assemble at 7 AM.",legitimate
"Your child immunisation is due next week. Please visit the nearest health centre.",legitimate
"Your order from Ajio has been shipped. Expected delivery: 19th November. Track in app.",legitimate
"The ATM near your house will be under maintenance on 16th November from 11 PM to 6 AM.",legitimate
"Your EPF nomination update request has been processed successfully.",legitimate
"The sports day at school is on 22nd November. Parents are welcome to attend and cheer.",legitimate
"Your Pan card application is approved. Physical card will be dispatched within 15 days.",legitimate
"Your home loan EMI of Rs 22,500 has been deducted for November. Next deduction on 5th December.",legitimate
"The society has decided to install CCTV cameras at entry and exit points for security.",legitimate
"Your complaint about the pothole has been registered with the municipal corporation. Reference: MC2024891.",legitimate
"Happy Diwali! Wishing you and your family joy, health and prosperity this festive season.",legitimate
"The water tank cleaning will be done on Sunday. Water supply will be interrupted from 6 AM to 12 PM.",legitimate
"Your car loan foreclosure request has been processed. NOC will be issued within 7 working days.",legitimate
"The annual general meeting of your housing society is on 10th December at 6 PM. Agenda attached.",legitimate
"Your child's progress report for this semester is now available on the school parent portal.",legitimate
"The new metro station near your area will open for public from 1st December as per the announcement.",legitimate
"Your fixed deposit has been renewed automatically for another year at the prevailing interest rate.",legitimate
"Reminder: Vehicle fitness certificate renewal due. Visit nearest RTO or authorised centre.",legitimate
"The community library has added 200 new books this month. Members can borrow up to 3 books.",legitimate
"Your gas cylinder booking has been confirmed. Delivery expected within 2 working days.",legitimate
"The college is organising an alumni meet on 15th December. Register on alumni portal to attend.",legitimate
"Your term deposit interest of Rs 4500 has been credited to your savings account.",legitimate
"The health camp organised by the municipal corporation will be held at the community hall on Sunday.",legitimate
"Your daughter has been selected for the inter-school dance competition. Practice starts Monday.",legitimate
"The BBMP is conducting road repair work near your house. Minor disruption expected for 3 days.",legitimate
"Your SIP in Nifty 50 index fund has been activated. First deduction will happen on the 5th.",legitimate
"The school has declared holiday on 19th November due to local elections. Classes resume on 20th.",legitimate
"Your pension has been credited to your account for the month of November. Amount: Rs 14,500.",legitimate
"The new colony park will be inaugurated next Sunday. All residents are invited to attend.",legitimate
"Your vehicle emission test is due. Visit nearest PUC centre before 30th November.",legitimate
"Reminder: The last date to pay house tax is 30th November. Pay online or at municipal office.",legitimate
"The cooperative bank is offering 7.5% interest on FD for senior citizens. Visit branch for details.",legitimate
"Your application for LPG subsidy has been successfully submitted. Status will be updated in 30 days.",legitimate
"The anganwadi centre will remain closed this week due to teacher training. Resumes on Monday.",legitimate
"Your book reserve request at the district library has been fulfilled. Collect by 25th November.",legitimate
"The local MLA is holding a grievance meeting this Saturday at the ward office from 10 AM to 1 PM.",legitimate
"Your vehicle registration certificate renewal has been completed. Download from Parivahan portal.",legitimate
"The temple trust is organising free medical camp on Sunday. All are welcome to attend.",legitimate
"Your child has received the mid-day meal scheme benefit for October. Records updated on portal.",legitimate
"The college fest registrations are now open. Fill the form on the college website by 20th November.",legitimate
"Your loan account statement for October is ready. Download from the bank mobile app.",legitimate
"The RTO has sent a reminder for updating your address in your driving licence as per new rules.",legitimate
"Your blood test reports are normal. Doctor has noted no follow up required for next 6 months.",legitimate
"The new ration card has been issued in your name. Collect from the ration office with your ID proof.",legitimate
"Your post office RD instalment for November has been debited. Maturity date: March 2026.",legitimate
"The municipal water supply will follow alternate day schedule next week due to maintenance work.",legitimate
"Your job application at Infosys has moved to the technical interview round. Email with details follows.",legitimate
"We found your resume on LinkedIn and would like to schedule an exploratory call. No fees involved.",legitimate
"The placement cell has scheduled a pre-placement talk by Wipro on 18th November at 11 AM.",legitimate
"Your coding assessment for the junior developer role has been submitted. Results in 3 days.",legitimate
"Congratulations on clearing the aptitude test. The HR interview is scheduled for next Tuesday.",legitimate
"The job fair at the convention centre is open to all graduates. Entry is free. Bring your resume.",legitimate
"We are expanding our team and looking for a quality analyst. Freshers may apply at our website.",legitimate
"Your internship completion certificate has been issued and emailed to you. Congratulations.",legitimate
"The recruiter from KPMG will visit your college on 25th November for campus placements.",legitimate
"We have received your job application. You will hear from us within 10 business days.",legitimate
